date,forecast,lower,upper,member_forecast,casual_forecast
2026-10-01,25708.425306567657,20916.394449464708,30311.8182121417,17339.27664841601,8340.300488593857
2026-10-02,25939.43383822834,21896.192842410346,30355.273794098674,16411.47127711547,9498.283845554895
2026-10-03,26830.11277751725,22366.44933010291,31286.920051036097,15099.751132786208,11699.730500180469
2026-10-04,23674.921155829972,19498.06038948118,28116.70109648464,13662.794502247898,9981.057917860253
2026-10-05,23940.649042705234,19825.0809750717,28650.751142135192,15932.747725340938,7976.758923632219
2026-10-06,24821.352966022296,20396.712329211896,29473.4640537145,16998.16063903913,7791.4276478261545
2026-10-07,24918.155940636316,20299.116596549098,29310.711554999893,16940.61790632739,7945.17527389709
2026-10-08,25028.68085589561,20790.613949493836,29419.943286566035,16750.125721395365,8245.481369485242
2026-10-09,25139.76064543467,20652.327113404437,30005.575459132335,15761.322303076415,9344.734208606895
2026-10-10,25898.661060534425,21128.592159018008,30157.25599761819,14391.360661960069,11472.88772439507
2026-10-11,22602.561644555808,18279.487444558807,27127.298744059084,12900.10972080004,9667.88318345819
2026-10-12,22721.27324052224,18163.089181862375,26973.081154283893,15120.834040726371,7566.109136045658
2026-10-13,23452.088247578205,19257.642640443486,27942.396891416243,16143.095137598048,7274.376512160824
2026-10-14,23399.488686435805,18874.740184583276,28082.733697151136,16049.350951033724,7315.274465934172
2026-10-15,23364.48344597975,18848.153463353985,28017.733278330357,15830.313909743418,7498.954413317704
2026-10-16,23337.220889335433,18843.95797274719,27716.262739120786,14821.13687970273,8480.597545467508
2026-10-17,23968.115450899422,19377.47150466797,28458.52990988881,13439.276251911318,10492.995490252555
2026-10-18,20557.236606620914,16135.68483368058,24720.03069285157,11944.678894635723,8576.894346716641
2026-10-19,20576.941228885025,16129.287097636745,24833.427349225825,14170.45372227929,6371.377820871587
2026-10-20,21226.64803820794,16558.32438390699,25892.189245657883,15205.771203556886,5985.768486102281
2026-10-21,21112.481453116372,16707.258642431774,25482.408979506425,15132.467537316343,5944.914841544639
2026-10-22,21036.5581308711,16258.199025330276,25406.37999908547,14940.413926302448,6060.913543626045
2026-10-23,20989.563920776567,16846.378707543918,25662.685255538712,13963.720041435201,6990.523827680113
2026-10-24,21621.860981936665,17060.480674644517,26242.522933027343,12618.620562115215,8967.705281708415
2026-10-25,18232.874111038527,13974.179651995753,22682.380534826716,11163.690977237184,7033.930399636341
2026-10-26,18293.73747669012,13811.911983204584,22818.1609022061,13430.552703189693,4828.548523478759
2026-10-27,19002.100172159557,14565.998423807696,23088.513008709397,14506.810007399123,4460.680732441432
2026-10-28,18961.817108379604,14539.928225516865,23231.76758700219,14472.694514967312,4454.513525549125
